
{
    "region" : "us-east-2",
    "configuration" : "Release",
    "framework"     : "netcoreapp3.1",
    "self-contained" : false,
    "application"    : "RemindMeBFF",
    "environment"    : "RemindMeBFF-prod",
    "enable-xray"    : false,
    "enhanced-health-type" : "basic",
    "additional-options"   : "\"aws:autoscaling:launchconfiguration,SecurityGroups\"=\"sg-9021dddc\";\"aws:ec2:vpc,Subnets\"=\"subnet-64596428\"",
    "solution-stack"       : "64bit Amazon Linux 2 v2.2.8 running .NET Core",
    "environment-type"     : "SingleInstance",
    "cname"                : "remindmebff-prod",
    "instance-type"        : "t2.micro",
    "key-pair"             : "teste",
    "instance-profile"     : "aws-elasticbeanstalk-ec2-role",
    "service-role"         : "aws-elasticbeanstalk-service-role",
    "proxy-server"         : "nginx"
}